x_var,Calvin_throughput,Calvin_p50,Calvin_p90,Calvin_p95,Calvin_p99,Calvin_aborts,Calvin_bytes,Calvin_cost,SLOG_throughput,SLOG_p50,SLOG_p90,SLOG_p95,SLOG_p99,SLOG_aborts,SLOG_bytes,SLOG_cost,Detock_throughput,Detock_p50,Detock_p90,Detock_p95,Detock_p99,Detock_aborts,Detock_bytes,Detock_cost,Caerus_throughput,Caerus_p50,Caerus_p90,Caerus_p95,Caerus_p99,Caerus_aborts,Caerus_bytes,Caerus_cost,Mencius_throughput,Mencius_p50,Mencius_p90,Mencius_p95,Mencius_p99,Mencius_aborts,Mencius_bytes,Mencius_cost
0.0,,,,,,,,,,,,,,,,,10119,252.3718725,364.3448174,391.6280857,401.1236532800001,0.0,4071908560,0.12126039342222222,,,,,,,,,,,,,,,,
0.1,,,,,,,,,,,,,,,,,8633,230.302913,417.34044919999997,431.61766834999986,449.46796412,0.0,3754829372,0.11491880966222223,,,,,,,,,,,,,,,,
0.2,,,,,,,,,,,,,,,,,3566,365.9346005,899.9948906,1786.7889006999997,2394.63512467,0.0,2879263798,0.09740749818222222,,,,,,,,,,,,,,,,
0.5,,,,,,,,,,,,,,,,,2810,312.86233300000004,1725.9336904,3250.1840634,4248.01596483,0.0,1578279042,0.07138780306222223,,,,,,,,,,,,,,,,
1.0,,,,,,,,,,,,,,,,,1347,3113.353879,7562.1828374,8164.4351306,8521.788965,0.0,347497886,0.04677217994222222,,,,,,,,,,,,,,,,
2.0,,,,,,,,,,,,,,,,,179,3903.966664,11269.795907,14660.45833475,14855.72481775,0.0,272204282,0.04526630786222222,,,,,,,,,,,,,,,,
5.0,,,,,,,,,,,,,,,,,92,21627.283027,29326.2789874,30037.2914346,30870.23145896,0.0,128775491,0.042397732042222226,,,,,,,,,,,,,,,,
10.0,,,,,,,,,,,,,,,,,28,55082.559536,127047.93892100001,135165.4198937,147822.35811784,0.0,105726071,0.041936743642222225,,,,,,,,,,,,,,,,
