x_var,Calvin_throughput,Calvin_p50,Calvin_p90,Calvin_p95,Calvin_p99,Calvin_aborts,Calvin_bytes,Calvin_cost,SLOG_throughput,SLOG_p50,SLOG_p90,SLOG_p95,SLOG_p99,SLOG_aborts,SLOG_bytes,SLOG_cost,Detock_throughput,Detock_p50,Detock_p90,Detock_p95,Detock_p99,Detock_aborts,Detock_bytes,Detock_cost,Caerus_throughput,Caerus_p50,Caerus_p90,Caerus_p95,Caerus_p99,Caerus_aborts,Caerus_bytes,Caerus_cost,Mencius_throughput,Mencius_p50,Mencius_p90,Mencius_p95,Mencius_p99,Mencius_aborts,Mencius_bytes,Mencius_cost
1.0,,,,,,,,,,,,,,,,,81,15.949698,17.9311992,18.0115802,18.15019276,0.0,29126480,0.040404751822222224,,,,,,,,,,,,,,,,
10.0,,,,,,,,,,,,,,,,,858,14.193975,17.814211200000003,17.95907255,18.225450040000002,0.0,269237796,0.04520697814222222,,,,,,,,,,,,,,,,
100.0,,,,,,,,,,,,,,,,,7868,17.7549615,19.711146,20.22956305,21.47474461,0.0,2199530845,0.08381283912222223,,,,,,,,,,,,,,,,
1000.0,,,,,,,,,,,,,,,,,7477,71.916572,161.64850959999998,173.49364754999993,186.11061802999998,0.0,3699525071,0.11381272364222222,,,,,,,,,,,,,,,,
10000.0,,,,,,,,,,,,,,,,,11846,836.8600369999999,944.4163029,972.0493168499999,991.10375019,0.0,4321228882,0.12624679986222223,,,,,,,,,,,,,,,,
1000000.0,,,,,,,,,,,,,,,,,8392,96772.3432485,128077.738209,137471.4968358,140613.96946217,0.0,26801971175,0.5758616457222222,,,,,,,,,,,,,,,,
